feature,point_biserial_correlation,p_value
education-num,0.3370237309737048,0.0
age,0.2561543413664969,0.0
hours-per-week,0.22904958139256493,0.0
capital-gain,0.22047122879564027,0.0
capital-loss,0.15082791557176398,4.8045600183415316e-151
